title,content
The Rise of Artificial Intelligence in Everyday Life,"Artificial Intelligence (AI) has rapidly transitioned from a futuristic concept to an integral part of our daily routines. From the moment we wake up to the time we go to bed, AI technologies are working behind the scenes to make our lives easier, more efficient, and even more enjoyable. Whether it’s the smart assistant that helps us set reminders, the recommendation algorithms that suggest what to watch next, or the navigation apps that guide us through traffic, AI is everywhere. In this blog post, we’ll explore how AI is shaping various aspects of our lives, the benefits it brings, and the challenges we must address as we move forward. We’ll also look at the ethical considerations and the importance of ensuring that AI development remains aligned with human values. As we continue to innovate, it’s crucial to strike a balance between leveraging AI’s potential and safeguarding our privacy and autonomy. This article will provide insights into the current state of AI, real-world applications, and what the future might hold for this transformative technology."
How to Start a Successful Remote Work Career,"Remote work has become more than just a trend—it’s a new way of life for millions of professionals around the globe. The shift to remote work offers flexibility, autonomy, and the opportunity to design a work environment that suits your needs. However, starting a successful remote work career requires more than just a laptop and an internet connection. In this comprehensive guide, we’ll cover the essential skills you need, how to set up a productive workspace, and tips for staying motivated and connected with your team. We’ll also discuss common challenges remote workers face, such as managing time zones, avoiding burnout, and maintaining work-life balance. By the end of this post, you’ll have a clear roadmap for launching and thriving in your remote work journey, along with practical advice from industry experts and seasoned remote professionals."
The Ultimate Guide to Healthy Meal Planning,"Healthy meal planning is the cornerstone of a balanced lifestyle, but it can often feel overwhelming. With so many dietary options and conflicting advice, where do you start? This blog post breaks down the process into manageable steps, from setting realistic goals to shopping smart and prepping meals in advance. We’ll explore the benefits of meal planning, including saving time, reducing food waste, and improving your overall health. You’ll find sample meal plans, grocery lists, and tips for accommodating dietary restrictions. Whether you’re a busy professional, a parent, or someone looking to improve your eating habits, this guide will empower you to take control of your nutrition and make healthy eating a sustainable part of your life."
Mastering Personal Finance: Tips for Every Stage of Life,"Personal finance is a lifelong journey, and mastering it requires knowledge, discipline, and adaptability. In this detailed blog post, we’ll cover the fundamentals of budgeting, saving, investing, and planning for retirement. You’ll learn how to set financial goals, track your spending, and make informed decisions about credit and debt. We’ll also discuss the importance of building an emergency fund, understanding insurance, and preparing for major life events. With practical tips and real-world examples, this article is designed to help readers of all ages and backgrounds achieve financial security and peace of mind."
The Power of Mindfulness in a Busy World,"In today’s fast-paced society, mindfulness has emerged as a powerful tool for managing stress, improving focus, and enhancing overall well-being. This blog post delves into the science behind mindfulness, its benefits, and simple techniques you can incorporate into your daily routine. From mindful breathing exercises to meditation and mindful eating, you’ll discover practical strategies for cultivating awareness and presence. We’ll also address common misconceptions about mindfulness and provide resources for further exploration. Whether you’re new to mindfulness or looking to deepen your practice, this article offers valuable insights for living a more intentional and fulfilling life."
A Beginner’s Guide to Sustainable Living,"A Beginner’s Guide to Sustainable Living is a topic that resonates with many readers today. In this article, we explore the key ideas and practical steps that can make the most significant difference in how you approach daily life. The goal is to give you a sense of clarity, momentum, and confidence so you can take action without feeling overwhelmed. By breaking the topic down into clear, manageable pieces, this blog post helps you discover new habits, avoid common pitfalls, and build a routine that supports your long-term success. The examples and recommendations are drawn from real-world experience and expert advice, making the advice both practical and easy to apply in your own life. You will also learn how to stay motivated, maintain balance, and adapt when challenges arise. Along the way, we highlight small changes that can produce noticeable results. Whether you are just starting out or looking to refine your current approach, these insights can help you make better decisions and feel more in control of your everyday routines. At the end of this guide, you should feel empowered to take the next step with confidence. The journey is not about perfection but progress, and thoughtful preparation will help you build a sustainable path toward the outcomes you want."
How to Build a Strong Personal Brand Online,"How to Build a Strong Personal Brand Online is a topic that resonates with many readers today. In this article, we explore the key ideas and practical steps that can make the most significant difference in how you approach daily life. The goal is to give you a sense of clarity, momentum, and confidence so you can take action without feeling overwhelmed. By breaking the topic down into clear, manageable pieces, this blog post helps you discover new habits, avoid common pitfalls, and build a routine that supports your long-term success. The examples and recommendations are drawn from real-world experience and expert advice, making the advice both practical and easy to apply in your own life. You will also learn how to stay motivated, maintain balance, and adapt when challenges arise. Along the way, we highlight small changes that can produce noticeable results. Whether you are just starting out or looking to refine your current approach, these insights can help you make better decisions and feel more in control of your everyday routines. At the end of this guide, you should feel empowered to take the next step with confidence. The journey is not about perfection but progress, and thoughtful preparation will help you build a sustainable path toward the outcomes you want."
Travel Planning Tips for First-Time International Travelers,"Travel Planning Tips for First-Time International Travelers is a topic that resonates with many readers today. In this article, we explore the key ideas and practical steps that can make the most significant difference in how you approach daily life. The goal is to give you a sense of clarity, momentum, and confidence so you can take action without feeling overwhelmed. By breaking the topic down into clear, manageable pieces, this blog post helps you discover new habits, avoid common pitfalls, and build a routine that supports your long-term success. The examples and recommendations are drawn from real-world experience and expert advice, making the advice both practical and easy to apply in your own life. You will also learn how to stay motivated, maintain balance, and adapt when challenges arise. Along the way, we highlight small changes that can produce noticeable results. Whether you are just starting out or looking to refine your current approach, these insights can help you make better decisions and feel more in control of your everyday routines. At the end of this guide, you should feel empowered to take the next step with confidence. The journey is not about perfection but progress, and thoughtful preparation will help you build a sustainable path toward the outcomes you want."
The Benefits of Daily Journaling for Mental Health,"The Benefits of Daily Journaling for Mental Health is a topic that resonates with many readers today. In this article, we explore the key ideas and practical steps that can make the most significant difference in how you approach daily life. The goal is to give you a sense of clarity, momentum, and confidence so you can take action without feeling overwhelmed. By breaking the topic down into clear, manageable pieces, this blog post helps you discover new habits, avoid common pitfalls, and build a routine that supports your long-term success. The examples and recommendations are drawn from real-world experience and expert advice, making the advice both practical and easy to apply in your own life. You will also learn how to stay motivated, maintain balance, and adapt when challenges arise. Along the way, we highlight small changes that can produce noticeable results. Whether you are just starting out or looking to refine your current approach, these insights can help you make better decisions and feel more in control of your everyday routines. At the end of this guide, you should feel empowered to take the next step with confidence. The journey is not about perfection but progress, and thoughtful preparation will help you build a sustainable path toward the outcomes you want."
Designing a Productive Home Office That Works,"Designing a Productive Home Office That Works is a topic that resonates with many readers today. In this article, we explore the key ideas and practical steps that can make the most significant difference in how you approach daily life. The goal is to give you a sense of clarity, momentum, and confidence so you can take action without feeling overwhelmed. By breaking the topic down into clear, manageable pieces, this blog post helps you discover new habits, avoid common pitfalls, and build a routine that supports your long-term success. The examples and recommendations are drawn from real-world experience and expert advice, making the advice both practical and easy to apply in your own life. You will also learn how to stay motivated, maintain balance, and adapt when challenges arise. Along the way, we highlight small changes that can produce noticeable results. Whether you are just starting out or looking to refine your current approach, these insights can help you make better decisions and feel more in control of your everyday routines. At the end of this guide, you should feel empowered to take the next step with confidence. The journey is not about perfection but progress, and thoughtful preparation will help you build a sustainable path toward the outcomes you want."
The Science Behind Better Sleep and Recovery,"The Science Behind Better Sleep and Recovery is a topic that resonates with many readers today. In this article, we explore the key ideas and practical steps that can make the most significant difference in how you approach daily life. The goal is to give you a sense of clarity, momentum, and confidence so you can take action without feeling overwhelmed. By breaking the topic down into clear, manageable pieces, this blog post helps you discover new habits, avoid common pitfalls, and build a routine that supports your long-term success. The examples and recommendations are drawn from real-world experience and expert advice, making the advice both practical and easy to apply in your own life. You will also learn how to stay motivated, maintain balance, and adapt when challenges arise. Along the way, we highlight small changes that can produce noticeable results. Whether you are just starting out or looking to refine your current approach, these insights can help you make better decisions and feel more in control of your everyday routines. At the end of this guide, you should feel empowered to take the next step with confidence. The journey is not about perfection but progress, and thoughtful preparation will help you build a sustainable path toward the outcomes you want."
How to Grow Your Small Business with Social Media,"How to Grow Your Small Business with Social Media is a topic that resonates with many readers today. In this article, we explore the key ideas and practical steps that can make the most significant difference in how you approach daily life. The goal is to give you a sense of clarity, momentum, and confidence so you can take action without feeling overwhelmed. By breaking the topic down into clear, manageable pieces, this blog post helps you discover new habits, avoid common pitfalls, and build a routine that supports your long-term success. The examples and recommendations are drawn from real-world experience and expert advice, making the advice both practical and easy to apply in your own life. You will also learn how to stay motivated, maintain balance, and adapt when challenges arise. Along the way, we highlight small changes that can produce noticeable results. Whether you are just starting out or looking to refine your current approach, these insights can help you make better decisions and feel more in control of your everyday routines. At the end of this guide, you should feel empowered to take the next step with confidence. The journey is not about perfection but progress, and thoughtful preparation will help you build a sustainable path toward the outcomes you want."
Effective Time Management Strategies for Busy Professionals,"Effective Time Management Strategies for Busy Professionals is a topic that resonates with many readers today. In this article, we explore the key ideas and practical steps that can make the most significant difference in how you approach daily life. The goal is to give you a sense of clarity, momentum, and confidence so you can take action without feeling overwhelmed. By breaking the topic down into clear, manageable pieces, this blog post helps you discover new habits, avoid common pitfalls, and build a routine that supports your long-term success. The examples and recommendations are drawn from real-world experience and expert advice, making the advice both practical and easy to apply in your own life. You will also learn how to stay motivated, maintain balance, and adapt when challenges arise. Along the way, we highlight small changes that can produce noticeable results. Whether you are just starting out or looking to refine your current approach, these insights can help you make better decisions and feel more in control of your everyday routines. At the end of this guide, you should feel empowered to take the next step with confidence. The journey is not about perfection but progress, and thoughtful preparation will help you build a sustainable path toward the outcomes you want."
The Future of Renewable Energy in Urban Centers,"The Future of Renewable Energy in Urban Centers is a topic that resonates with many readers today. In this article, we explore the key ideas and practical steps that can make the most significant difference in how you approach daily life. The goal is to give you a sense of clarity, momentum, and confidence so you can take action without feeling overwhelmed. By breaking the topic down into clear, manageable pieces, this blog post helps you discover new habits, avoid common pitfalls, and build a routine that supports your long-term success. The examples and recommendations are drawn from real-world experience and expert advice, making the advice both practical and easy to apply in your own life. You will also learn how to stay motivated, maintain balance, and adapt when challenges arise. Along the way, we highlight small changes that can produce noticeable results. Whether you are just starting out or looking to refine your current approach, these insights can help you make better decisions and feel more in control of your everyday routines. At the end of this guide, you should feel empowered to take the next step with confidence. The journey is not about perfection but progress, and thoughtful preparation will help you build a sustainable path toward the outcomes you want."
How to Stay Motivated When Working Toward Long-Term Goals,"How to Stay Motivated When Working Toward Long-Term Goals is a topic that resonates with many readers today. In this article, we explore the key ideas and practical steps that can make the most significant difference in how you approach daily life. The goal is to give you a sense of clarity, momentum, and confidence so you can take action without feeling overwhelmed. By breaking the topic down into clear, manageable pieces, this blog post helps you discover new habits, avoid common pitfalls, and build a routine that supports your long-term success. The examples and recommendations are drawn from real-world experience and expert advice, making the advice both practical and easy to apply in your own life. You will also learn how to stay motivated, maintain balance, and adapt when challenges arise. Along the way, we highlight small changes that can produce noticeable results. Whether you are just starting out or looking to refine your current approach, these insights can help you make better decisions and feel more in control of your everyday routines. At the end of this guide, you should feel empowered to take the next step with confidence. The journey is not about perfection but progress, and thoughtful preparation will help you build a sustainable path toward the outcomes you want."
A Practical Guide to Minimalist Living,"A Practical Guide to Minimalist Living is a topic that resonates with many readers today. In this article, we explore the key ideas and practical steps that can make the most significant difference in how you approach daily life. The goal is to give you a sense of clarity, momentum, and confidence so you can take action without feeling overwhelmed. By breaking the topic down into clear, manageable pieces, this blog post helps you discover new habits, avoid common pitfalls, and build a routine that supports your long-term success. The examples and recommendations are drawn from real-world experience and expert advice, making the advice both practical and easy to apply in your own life. You will also learn how to stay motivated, maintain balance, and adapt when challenges arise. Along the way, we highlight small changes that can produce noticeable results. Whether you are just starting out or looking to refine your current approach, these insights can help you make better decisions and feel more in control of your everyday routines. At the end of this guide, you should feel empowered to take the next step with confidence. The journey is not about perfection but progress, and thoughtful preparation will help you build a sustainable path toward the outcomes you want."
The Role of Emotional Intelligence in Leadership,"The Role of Emotional Intelligence in Leadership is a topic that resonates with many readers today. In this article, we explore the key ideas and practical steps that can make the most significant difference in how you approach daily life. The goal is to give you a sense of clarity, momentum, and confidence so you can take action without feeling overwhelmed. By breaking the topic down into clear, manageable pieces, this blog post helps you discover new habits, avoid common pitfalls, and build a routine that supports your long-term success. The examples and recommendations are drawn from real-world experience and expert advice, making the advice both practical and easy to apply in your own life. You will also learn how to stay motivated, maintain balance, and adapt when challenges arise. Along the way, we highlight small changes that can produce noticeable results. Whether you are just starting out or looking to refine your current approach, these insights can help you make better decisions and feel more in control of your everyday routines. At the end of this guide, you should feel empowered to take the next step with confidence. The journey is not about perfection but progress, and thoughtful preparation will help you build a sustainable path toward the outcomes you want."
How to Improve Your Public Speaking Skills,"How to Improve Your Public Speaking Skills is a topic that resonates with many readers today. In this article, we explore the key ideas and practical steps that can make the most significant difference in how you approach daily life. The goal is to give you a sense of clarity, momentum, and confidence so you can take action without feeling overwhelmed. By breaking the topic down into clear, manageable pieces, this blog post helps you discover new habits, avoid common pitfalls, and build a routine that supports your long-term success. The examples and recommendations are drawn from real-world experience and expert advice, making the advice both practical and easy to apply in your own life. You will also learn how to stay motivated, maintain balance, and adapt when challenges arise. Along the way, we highlight small changes that can produce noticeable results. Whether you are just starting out or looking to refine your current approach, these insights can help you make better decisions and feel more in control of your everyday routines. At the end of this guide, you should feel empowered to take the next step with confidence. The journey is not about perfection but progress, and thoughtful preparation will help you build a sustainable path toward the outcomes you want."
Healthy Habits That Can Transform Your Morning Routine,"Healthy Habits That Can Transform Your Morning Routine is a topic that resonates with many readers today. In this article, we explore the key ideas and practical steps that can make the most significant difference in how you approach daily life. The goal is to give you a sense of clarity, momentum, and confidence so you can take action without feeling overwhelmed. By breaking the topic down into clear, manageable pieces, this blog post helps you discover new habits, avoid common pitfalls, and build a routine that supports your long-term success. The examples and recommendations are drawn from real-world experience and expert advice, making the advice both practical and easy to apply in your own life. You will also learn how to stay motivated, maintain balance, and adapt when challenges arise. Along the way, we highlight small changes that can produce noticeable results. Whether you are just starting out or looking to refine your current approach, these insights can help you make better decisions and feel more in control of your everyday routines. At the end of this guide, you should feel empowered to take the next step with confidence. The journey is not about perfection but progress, and thoughtful preparation will help you build a sustainable path toward the outcomes you want."
The Benefits of Learning a Second Language,"The Benefits of Learning a Second Language is a topic that resonates with many readers today. In this article, we explore the key ideas and practical steps that can make the most significant difference in how you approach daily life. The goal is to give you a sense of clarity, momentum, and confidence so you can take action without feeling overwhelmed. By breaking the topic down into clear, manageable pieces, this blog post helps you discover new habits, avoid common pitfalls, and build a routine that supports your long-term success. The examples and recommendations are drawn from real-world experience and expert advice, making the advice both practical and easy to apply in your own life. You will also learn how to stay motivated, maintain balance, and adapt when challenges arise. Along the way, we highlight small changes that can produce noticeable results. Whether you are just starting out or looking to refine your current approach, these insights can help you make better decisions and feel more in control of your everyday routines. At the end of this guide, you should feel empowered to take the next step with confidence. The journey is not about perfection but progress, and thoughtful preparation will help you build a sustainable path toward the outcomes you want."
How to Create a Balanced Fitness Program,"How to Create a Balanced Fitness Program is a topic that resonates with many readers today. In this article, we explore the key ideas and practical steps that can make the most significant difference in how you approach daily life. The goal is to give you a sense of clarity, momentum, and confidence so you can take action without feeling overwhelmed. By breaking the topic down into clear, manageable pieces, this blog post helps you discover new habits, avoid common pitfalls, and build a routine that supports your long-term success. The examples and recommendations are drawn from real-world experience and expert advice, making the advice both practical and easy to apply in your own life. You will also learn how to stay motivated, maintain balance, and adapt when challenges arise. Along the way, we highlight small changes that can produce noticeable results. Whether you are just starting out or looking to refine your current approach, these insights can help you make better decisions and feel more in control of your everyday routines. At the end of this guide, you should feel empowered to take the next step with confidence. The journey is not about perfection but progress, and thoughtful preparation will help you build a sustainable path toward the outcomes you want."
Tips for Writing Better Emails at Work,"Tips for Writing Better Emails at Work is a topic that resonates with many readers today. In this article, we explore the key ideas and practical steps that can make the most significant difference in how you approach daily life. The goal is to give you a sense of clarity, momentum, and confidence so you can take action without feeling overwhelmed. By breaking the topic down into clear, manageable pieces, this blog post helps you discover new habits, avoid common pitfalls, and build a routine that supports your long-term success. The examples and recommendations are drawn from real-world experience and expert advice, making the advice both practical and easy to apply in your own life. You will also learn how to stay motivated, maintain balance, and adapt when challenges arise. Along the way, we highlight small changes that can produce noticeable results. Whether you are just starting out or looking to refine your current approach, these insights can help you make better decisions and feel more in control of your everyday routines. At the end of this guide, you should feel empowered to take the next step with confidence. The journey is not about perfection but progress, and thoughtful preparation will help you build a sustainable path toward the outcomes you want."
Building Resilience in Times of Uncertainty,"Building Resilience in Times of Uncertainty is a topic that resonates with many readers today. In this article, we explore the key ideas and practical steps that can make the most significant difference in how you approach daily life. The goal is to give you a sense of clarity, momentum, and confidence so you can take action without feeling overwhelmed. By breaking the topic down into clear, manageable pieces, this blog post helps you discover new habits, avoid common pitfalls, and build a routine that supports your long-term success. The examples and recommendations are drawn from real-world experience and expert advice, making the advice both practical and easy to apply in your own life. You will also learn how to stay motivated, maintain balance, and adapt when challenges arise. Along the way, we highlight small changes that can produce noticeable results. Whether you are just starting out or looking to refine your current approach, these insights can help you make better decisions and feel more in control of your everyday routines. At the end of this guide, you should feel empowered to take the next step with confidence. The journey is not about perfection but progress, and thoughtful preparation will help you build a sustainable path toward the outcomes you want."
A Practical Approach to Reducing Screen Time,"A Practical Approach to Reducing Screen Time is a topic that resonates with many readers today. In this article, we explore the key ideas and practical steps that can make the most significant difference in how you approach daily life. The goal is to give you a sense of clarity, momentum, and confidence so you can take action without feeling overwhelmed. By breaking the topic down into clear, manageable pieces, this blog post helps you discover new habits, avoid common pitfalls, and build a routine that supports your long-term success. The examples and recommendations are drawn from real-world experience and expert advice, making the advice both practical and easy to apply in your own life. You will also learn how to stay motivated, maintain balance, and adapt when challenges arise. Along the way, we highlight small changes that can produce noticeable results. Whether you are just starting out or looking to refine your current approach, these insights can help you make better decisions and feel more in control of your everyday routines. At the end of this guide, you should feel empowered to take the next step with confidence. The journey is not about perfection but progress, and thoughtful preparation will help you build a sustainable path toward the outcomes you want."
The Essentials of Remote Team Communication,"The Essentials of Remote Team Communication is a topic that resonates with many readers today. In this article, we explore the key ideas and practical steps that can make the most significant difference in how you approach daily life. The goal is to give you a sense of clarity, momentum, and confidence so you can take action without feeling overwhelmed. By breaking the topic down into clear, manageable pieces, this blog post helps you discover new habits, avoid common pitfalls, and build a routine that supports your long-term success. The examples and recommendations are drawn from real-world experience and expert advice, making the advice both practical and easy to apply in your own life. You will also learn how to stay motivated, maintain balance, and adapt when challenges arise. Along the way, we highlight small changes that can produce noticeable results. Whether you are just starting out or looking to refine your current approach, these insights can help you make better decisions and feel more in control of your everyday routines. At the end of this guide, you should feel empowered to take the next step with confidence. The journey is not about perfection but progress, and thoughtful preparation will help you build a sustainable path toward the outcomes you want."
How to Plan a Budget-Friendly Vacation,"How to Plan a Budget-Friendly Vacation is a topic that resonates with many readers today. In this article, we explore the key ideas and practical steps that can make the most significant difference in how you approach daily life. The goal is to give you a sense of clarity, momentum, and confidence so you can take action without feeling overwhelmed. By breaking the topic down into clear, manageable pieces, this blog post helps you discover new habits, avoid common pitfalls, and build a routine that supports your long-term success. The examples and recommendations are drawn from real-world experience and expert advice, making the advice both practical and easy to apply in your own life. You will also learn how to stay motivated, maintain balance, and adapt when challenges arise. Along the way, we highlight small changes that can produce noticeable results. Whether you are just starting out or looking to refine your current approach, these insights can help you make better decisions and feel more in control of your everyday routines. At the end of this guide, you should feel empowered to take the next step with confidence. The journey is not about perfection but progress, and thoughtful preparation will help you build a sustainable path toward the outcomes you want."
The Basics of Self-Care for Busy Parents,"The Basics of Self-Care for Busy Parents is a topic that resonates with many readers today. In this article, we explore the key ideas and practical steps that can make the most significant difference in how you approach daily life. The goal is to give you a sense of clarity, momentum, and confidence so you can take action without feeling overwhelmed. By breaking the topic down into clear, manageable pieces, this blog post helps you discover new habits, avoid common pitfalls, and build a routine that supports your long-term success. The examples and recommendations are drawn from real-world experience and expert advice, making the advice both practical and easy to apply in your own life. You will also learn how to stay motivated, maintain balance, and adapt when challenges arise. Along the way, we highlight small changes that can produce noticeable results. Whether you are just starting out or looking to refine your current approach, these insights can help you make better decisions and feel more in control of your everyday routines. At the end of this guide, you should feel empowered to take the next step with confidence. The journey is not about perfection but progress, and thoughtful preparation will help you build a sustainable path toward the outcomes you want."
How to Build Stronger Relationships Through Communication,"How to Build Stronger Relationships Through Communication is a topic that resonates with many readers today. In this article, we explore the key ideas and practical steps that can make the most significant difference in how you approach daily life. The goal is to give you a sense of clarity, momentum, and confidence so you can take action without feeling overwhelmed. By breaking the topic down into clear, manageable pieces, this blog post helps you discover new habits, avoid common pitfalls, and build a routine that supports your long-term success. The examples and recommendations are drawn from real-world experience and expert advice, making the advice both practical and easy to apply in your own life. You will also learn how to stay motivated, maintain balance, and adapt when challenges arise. Along the way, we highlight small changes that can produce noticeable results. Whether you are just starting out or looking to refine your current approach, these insights can help you make better decisions and feel more in control of your everyday routines. At the end of this guide, you should feel empowered to take the next step with confidence. The journey is not about perfection but progress, and thoughtful preparation will help you build a sustainable path toward the outcomes you want."
Simple Strategies for Reducing Household Waste,"Simple Strategies for Reducing Household Waste is a topic that resonates with many readers today. In this article, we explore the key ideas and practical steps that can make the most significant difference in how you approach daily life. The goal is to give you a sense of clarity, momentum, and confidence so you can take action without feeling overwhelmed. By breaking the topic down into clear, manageable pieces, this blog post helps you discover new habits, avoid common pitfalls, and build a routine that supports your long-term success. The examples and recommendations are drawn from real-world experience and expert advice, making the advice both practical and easy to apply in your own life. You will also learn how to stay motivated, maintain balance, and adapt when challenges arise. Along the way, we highlight small changes that can produce noticeable results. Whether you are just starting out or looking to refine your current approach, these insights can help you make better decisions and feel more in control of your everyday routines. At the end of this guide, you should feel empowered to take the next step with confidence. The journey is not about perfection but progress, and thoughtful preparation will help you build a sustainable path toward the outcomes you want."
The Impact of Green Spaces on City Wellbeing,"The Impact of Green Spaces on City Wellbeing is a topic that resonates with many readers today. In this article, we explore the key ideas and practical steps that can make the most significant difference in how you approach daily life. The goal is to give you a sense of clarity, momentum, and confidence so you can take action without feeling overwhelmed. By breaking the topic down into clear, manageable pieces, this blog post helps you discover new habits, avoid common pitfalls, and build a routine that supports your long-term success. The examples and recommendations are drawn from real-world experience and expert advice, making the advice both practical and easy to apply in your own life. You will also learn how to stay motivated, maintain balance, and adapt when challenges arise. Along the way, we highlight small changes that can produce noticeable results. Whether you are just starting out or looking to refine your current approach, these insights can help you make better decisions and feel more in control of your everyday routines. At the end of this guide, you should feel empowered to take the next step with confidence. The journey is not about perfection but progress, and thoughtful preparation will help you build a sustainable path toward the outcomes you want."
How to Use Meditation to Manage Anxiety,"How to Use Meditation to Manage Anxiety is a topic that resonates with many readers today. In this article, we explore the key ideas and practical steps that can make the most significant difference in how you approach daily life. The goal is to give you a sense of clarity, momentum, and confidence so you can take action without feeling overwhelmed. By breaking the topic down into clear, manageable pieces, this blog post helps you discover new habits, avoid common pitfalls, and build a routine that supports your long-term success. The examples and recommendations are drawn from real-world experience and expert advice, making the advice both practical and easy to apply in your own life. You will also learn how to stay motivated, maintain balance, and adapt when challenges arise. Along the way, we highlight small changes that can produce noticeable results. Whether you are just starting out or looking to refine your current approach, these insights can help you make better decisions and feel more in control of your everyday routines. At the end of this guide, you should feel empowered to take the next step with confidence. The journey is not about perfection but progress, and thoughtful preparation will help you build a sustainable path toward the outcomes you want."
A Guide to Choosing the Right Career Path,"A Guide to Choosing the Right Career Path is a topic that resonates with many readers today. In this article, we explore the key ideas and practical steps that can make the most significant difference in how you approach daily life. The goal is to give you a sense of clarity, momentum, and confidence so you can take action without feeling overwhelmed. By breaking the topic down into clear, manageable pieces, this blog post helps you discover new habits, avoid common pitfalls, and build a routine that supports your long-term success. The examples and recommendations are drawn from real-world experience and expert advice, making the advice both practical and easy to apply in your own life. You will also learn how to stay motivated, maintain balance, and adapt when challenges arise. Along the way, we highlight small changes that can produce noticeable results. Whether you are just starting out or looking to refine your current approach, these insights can help you make better decisions and feel more in control of your everyday routines. At the end of this guide, you should feel empowered to take the next step with confidence. The journey is not about perfection but progress, and thoughtful preparation will help you build a sustainable path toward the outcomes you want."
How to Create a Winning Resume and Cover Letter,"How to Create a Winning Resume and Cover Letter is a topic that resonates with many readers today. In this article, we explore the key ideas and practical steps that can make the most significant difference in how you approach daily life. The goal is to give you a sense of clarity, momentum, and confidence so you can take action without feeling overwhelmed. By breaking the topic down into clear, manageable pieces, this blog post helps you discover new habits, avoid common pitfalls, and build a routine that supports your long-term success. The examples and recommendations are drawn from real-world experience and expert advice, making the advice both practical and easy to apply in your own life. You will also learn how to stay motivated, maintain balance, and adapt when challenges arise. Along the way, we highlight small changes that can produce noticeable results. Whether you are just starting out or looking to refine your current approach, these insights can help you make better decisions and feel more in control of your everyday routines. At the end of this guide, you should feel empowered to take the next step with confidence. The journey is not about perfection but progress, and thoughtful preparation will help you build a sustainable path toward the outcomes you want."
The Benefits of Community Volunteering,"The Benefits of Community Volunteering is a topic that resonates with many readers today. In this article, we explore the key ideas and practical steps that can make the most significant difference in how you approach daily life. The goal is to give you a sense of clarity, momentum, and confidence so you can take action without feeling overwhelmed. By breaking the topic down into clear, manageable pieces, this blog post helps you discover new habits, avoid common pitfalls, and build a routine that supports your long-term success. The examples and recommendations are drawn from real-world experience and expert advice, making the advice both practical and easy to apply in your own life. You will also learn how to stay motivated, maintain balance, and adapt when challenges arise. Along the way, we highlight small changes that can produce noticeable results. Whether you are just starting out or looking to refine your current approach, these insights can help you make better decisions and feel more in control of your everyday routines. At the end of this guide, you should feel empowered to take the next step with confidence. The journey is not about perfection but progress, and thoughtful preparation will help you build a sustainable path toward the outcomes you want."
How to Start a Reading Habit That Lasts,"How to Start a Reading Habit That Lasts is a topic that resonates with many readers today. In this article, we explore the key ideas and practical steps that can make the most significant difference in how you approach daily life. The goal is to give you a sense of clarity, momentum, and confidence so you can take action without feeling overwhelmed. By breaking the topic down into clear, manageable pieces, this blog post helps you discover new habits, avoid common pitfalls, and build a routine that supports your long-term success. The examples and recommendations are drawn from real-world experience and expert advice, making the advice both practical and easy to apply in your own life. You will also learn how to stay motivated, maintain balance, and adapt when challenges arise. Along the way, we highlight small changes that can produce noticeable results. Whether you are just starting out or looking to refine your current approach, these insights can help you make better decisions and feel more in control of your everyday routines. At the end of this guide, you should feel empowered to take the next step with confidence. The journey is not about perfection but progress, and thoughtful preparation will help you build a sustainable path toward the outcomes you want."
The Role of Nutrition in Cognitive Performance,"The Role of Nutrition in Cognitive Performance is a topic that resonates with many readers today. In this article, we explore the key ideas and practical steps that can make the most significant difference in how you approach daily life. The goal is to give you a sense of clarity, momentum, and confidence so you can take action without feeling overwhelmed. By breaking the topic down into clear, manageable pieces, this blog post helps you discover new habits, avoid common pitfalls, and build a routine that supports your long-term success. The examples and recommendations are drawn from real-world experience and expert advice, making the advice both practical and easy to apply in your own life. You will also learn how to stay motivated, maintain balance, and adapt when challenges arise. Along the way, we highlight small changes that can produce noticeable results. Whether you are just starting out or looking to refine your current approach, these insights can help you make better decisions and feel more in control of your everyday routines. At the end of this guide, you should feel empowered to take the next step with confidence. The journey is not about perfection but progress, and thoughtful preparation will help you build a sustainable path toward the outcomes you want."
How to Integrate Exercise into a Busy Schedule,"How to Integrate Exercise into a Busy Schedule is a topic that resonates with many readers today. In this article, we explore the key ideas and practical steps that can make the most significant difference in how you approach daily life. The goal is to give you a sense of clarity, momentum, and confidence so you can take action without feeling overwhelmed. By breaking the topic down into clear, manageable pieces, this blog post helps you discover new habits, avoid common pitfalls, and build a routine that supports your long-term success. The examples and recommendations are drawn from real-world experience and expert advice, making the advice both practical and easy to apply in your own life. You will also learn how to stay motivated, maintain balance, and adapt when challenges arise. Along the way, we highlight small changes that can produce noticeable results. Whether you are just starting out or looking to refine your current approach, these insights can help you make better decisions and feel more in control of your everyday routines. At the end of this guide, you should feel empowered to take the next step with confidence. The journey is not about perfection but progress, and thoughtful preparation will help you build a sustainable path toward the outcomes you want."
The Benefits of Learning to Cook at Home,"The Benefits of Learning to Cook at Home is a topic that resonates with many readers today. In this article, we explore the key ideas and practical steps that can make the most significant difference in how you approach daily life. The goal is to give you a sense of clarity, momentum, and confidence so you can take action without feeling overwhelmed. By breaking the topic down into clear, manageable pieces, this blog post helps you discover new habits, avoid common pitfalls, and build a routine that supports your long-term success. The examples and recommendations are drawn from real-world experience and expert advice, making the advice both practical and easy to apply in your own life. You will also learn how to stay motivated, maintain balance, and adapt when challenges arise. Along the way, we highlight small changes that can produce noticeable results. Whether you are just starting out or looking to refine your current approach, these insights can help you make better decisions and feel more in control of your everyday routines. At the end of this guide, you should feel empowered to take the next step with confidence. The journey is not about perfection but progress, and thoughtful preparation will help you build a sustainable path toward the outcomes you want."
A Beginner’s Guide to Investing in Stocks,"A Beginner’s Guide to Investing in Stocks is a topic that resonates with many readers today. In this article, we explore the key ideas and practical steps that can make the most significant difference in how you approach daily life. The goal is to give you a sense of clarity, momentum, and confidence so you can take action without feeling overwhelmed. By breaking the topic down into clear, manageable pieces, this blog post helps you discover new habits, avoid common pitfalls, and build a routine that supports your long-term success. The examples and recommendations are drawn from real-world experience and expert advice, making the advice both practical and easy to apply in your own life. You will also learn how to stay motivated, maintain balance, and adapt when challenges arise. Along the way, we highlight small changes that can produce noticeable results. Whether you are just starting out or looking to refine your current approach, these insights can help you make better decisions and feel more in control of your everyday routines. At the end of this guide, you should feel empowered to take the next step with confidence. The journey is not about perfection but progress, and thoughtful preparation will help you build a sustainable path toward the outcomes you want."
How to Develop Better Listening Skills,"How to Develop Better Listening Skills is a topic that resonates with many readers today. In this article, we explore the key ideas and practical steps that can make the most significant difference in how you approach daily life. The goal is to give you a sense of clarity, momentum, and confidence so you can take action without feeling overwhelmed. By breaking the topic down into clear, manageable pieces, this blog post helps you discover new habits, avoid common pitfalls, and build a routine that supports your long-term success. The examples and recommendations are drawn from real-world experience and expert advice, making the advice both practical and easy to apply in your own life. You will also learn how to stay motivated, maintain balance, and adapt when challenges arise. Along the way, we highlight small changes that can produce noticeable results. Whether you are just starting out or looking to refine your current approach, these insights can help you make better decisions and feel more in control of your everyday routines. At the end of this guide, you should feel empowered to take the next step with confidence. The journey is not about perfection but progress, and thoughtful preparation will help you build a sustainable path toward the outcomes you want."
The Importance of Building a Personal Savings Plan,"The Importance of Building a Personal Savings Plan is a topic that resonates with many readers today. In this article, we explore the key ideas and practical steps that can make the most significant difference in how you approach daily life. The goal is to give you a sense of clarity, momentum, and confidence so you can take action without feeling overwhelmed. By breaking the topic down into clear, manageable pieces, this blog post helps you discover new habits, avoid common pitfalls, and build a routine that supports your long-term success. The examples and recommendations are drawn from real-world experience and expert advice, making the advice both practical and easy to apply in your own life. You will also learn how to stay motivated, maintain balance, and adapt when challenges arise. Along the way, we highlight small changes that can produce noticeable results. Whether you are just starting out or looking to refine your current approach, these insights can help you make better decisions and feel more in control of your everyday routines. At the end of this guide, you should feel empowered to take the next step with confidence. The journey is not about perfection but progress, and thoughtful preparation will help you build a sustainable path toward the outcomes you want."
How to Maintain Work-Life Balance as a Freelancer,"How to Maintain Work-Life Balance as a Freelancer is a topic that resonates with many readers today. In this article, we explore the key ideas and practical steps that can make the most significant difference in how you approach daily life. The goal is to give you a sense of clarity, momentum, and confidence so you can take action without feeling overwhelmed. By breaking the topic down into clear, manageable pieces, this blog post helps you discover new habits, avoid common pitfalls, and build a routine that supports your long-term success. The examples and recommendations are drawn from real-world experience and expert advice, making the advice both practical and easy to apply in your own life. You will also learn how to stay motivated, maintain balance, and adapt when challenges arise. Along the way, we highlight small changes that can produce noticeable results. Whether you are just starting out or looking to refine your current approach, these insights can help you make better decisions and feel more in control of your everyday routines. At the end of this guide, you should feel empowered to take the next step with confidence. The journey is not about perfection but progress, and thoughtful preparation will help you build a sustainable path toward the outcomes you want."
A Simple Guide to Decluttering Your Space,"A Simple Guide to Decluttering Your Space is a topic that resonates with many readers today. In this article, we explore the key ideas and practical steps that can make the most significant difference in how you approach daily life. The goal is to give you a sense of clarity, momentum, and confidence so you can take action without feeling overwhelmed. By breaking the topic down into clear, manageable pieces, this blog post helps you discover new habits, avoid common pitfalls, and build a routine that supports your long-term success. The examples and recommendations are drawn from real-world experience and expert advice, making the advice both practical and easy to apply in your own life. You will also learn how to stay motivated, maintain balance, and adapt when challenges arise. Along the way, we highlight small changes that can produce noticeable results. Whether you are just starting out or looking to refine your current approach, these insights can help you make better decisions and feel more in control of your everyday routines. At the end of this guide, you should feel empowered to take the next step with confidence. The journey is not about perfection but progress, and thoughtful preparation will help you build a sustainable path toward the outcomes you want."
The Value of Professional Networking Events,"The Value of Professional Networking Events is a topic that resonates with many readers today. In this article, we explore the key ideas and practical steps that can make the most significant difference in how you approach daily life. The goal is to give you a sense of clarity, momentum, and confidence so you can take action without feeling overwhelmed. By breaking the topic down into clear, manageable pieces, this blog post helps you discover new habits, avoid common pitfalls, and build a routine that supports your long-term success. The examples and recommendations are drawn from real-world experience and expert advice, making the advice both practical and easy to apply in your own life. You will also learn how to stay motivated, maintain balance, and adapt when challenges arise. Along the way, we highlight small changes that can produce noticeable results. Whether you are just starting out or looking to refine your current approach, these insights can help you make better decisions and feel more in control of your everyday routines. At the end of this guide, you should feel empowered to take the next step with confidence. The journey is not about perfection but progress, and thoughtful preparation will help you build a sustainable path toward the outcomes you want."
How to Create an Effective Study Routine,"How to Create an Effective Study Routine is a topic that resonates with many readers today. In this article, we explore the key ideas and practical steps that can make the most significant difference in how you approach daily life. The goal is to give you a sense of clarity, momentum, and confidence so you can take action without feeling overwhelmed. By breaking the topic down into clear, manageable pieces, this blog post helps you discover new habits, avoid common pitfalls, and build a routine that supports your long-term success. The examples and recommendations are drawn from real-world experience and expert advice, making the advice both practical and easy to apply in your own life. You will also learn how to stay motivated, maintain balance, and adapt when challenges arise. Along the way, we highlight small changes that can produce noticeable results. Whether you are just starting out or looking to refine your current approach, these insights can help you make better decisions and feel more in control of your everyday routines. At the end of this guide, you should feel empowered to take the next step with confidence. The journey is not about perfection but progress, and thoughtful preparation will help you build a sustainable path toward the outcomes you want."
A Guide to Caring for Indoor Plants,"A Guide to Caring for Indoor Plants is a topic that resonates with many readers today. In this article, we explore the key ideas and practical steps that can make the most significant difference in how you approach daily life. The goal is to give you a sense of clarity, momentum, and confidence so you can take action without feeling overwhelmed. By breaking the topic down into clear, manageable pieces, this blog post helps you discover new habits, avoid common pitfalls, and build a routine that supports your long-term success. The examples and recommendations are drawn from real-world experience and expert advice, making the advice both practical and easy to apply in your own life. You will also learn how to stay motivated, maintain balance, and adapt when challenges arise. Along the way, we highlight small changes that can produce noticeable results. Whether you are just starting out or looking to refine your current approach, these insights can help you make better decisions and feel more in control of your everyday routines. At the end of this guide, you should feel empowered to take the next step with confidence. The journey is not about perfection but progress, and thoughtful preparation will help you build a sustainable path toward the outcomes you want."
How to Practice Gratitude Every Day,"How to Practice Gratitude Every Day is a topic that resonates with many readers today. In this article, we explore the key ideas and practical steps that can make the most significant difference in how you approach daily life. The goal is to give you a sense of clarity, momentum, and confidence so you can take action without feeling overwhelmed. By breaking the topic down into clear, manageable pieces, this blog post helps you discover new habits, avoid common pitfalls, and build a routine that supports your long-term success. The examples and recommendations are drawn from real-world experience and expert advice, making the advice both practical and easy to apply in your own life. You will also learn how to stay motivated, maintain balance, and adapt when challenges arise. Along the way, we highlight small changes that can produce noticeable results. Whether you are just starting out or looking to refine your current approach, these insights can help you make better decisions and feel more in control of your everyday routines. At the end of this guide, you should feel empowered to take the next step with confidence. The journey is not about perfection but progress, and thoughtful preparation will help you build a sustainable path toward the outcomes you want."
The Benefits of Regular Digital Detoxes,"The Benefits of Regular Digital Detoxes is a topic that resonates with many readers today. In this article, we explore the key ideas and practical steps that can make the most significant difference in how you approach daily life. The goal is to give you a sense of clarity, momentum, and confidence so you can take action without feeling overwhelmed. By breaking the topic down into clear, manageable pieces, this blog post helps you discover new habits, avoid common pitfalls, and build a routine that supports your long-term success. The examples and recommendations are drawn from real-world experience and expert advice, making the advice both practical and easy to apply in your own life. You will also learn how to stay motivated, maintain balance, and adapt when challenges arise. Along the way, we highlight small changes that can produce noticeable results. Whether you are just starting out or looking to refine your current approach, these insights can help you make better decisions and feel more in control of your everyday routines. At the end of this guide, you should feel empowered to take the next step with confidence. The journey is not about perfection but progress, and thoughtful preparation will help you build a sustainable path toward the outcomes you want."
How to Stay Creative During Routine Work,"How to Stay Creative During Routine Work is a topic that resonates with many readers today. In this article, we explore the key ideas and practical steps that can make the most significant difference in how you approach daily life. The goal is to give you a sense of clarity, momentum, and confidence so you can take action without feeling overwhelmed. By breaking the topic down into clear, manageable pieces, this blog post helps you discover new habits, avoid common pitfalls, and build a routine that supports your long-term success. The examples and recommendations are drawn from real-world experience and expert advice, making the advice both practical and easy to apply in your own life. You will also learn how to stay motivated, maintain balance, and adapt when challenges arise. Along the way, we highlight small changes that can produce noticeable results. Whether you are just starting out or looking to refine your current approach, these insights can help you make better decisions and feel more in control of your everyday routines. At the end of this guide, you should feel empowered to take the next step with confidence. The journey is not about perfection but progress, and thoughtful preparation will help you build a sustainable path toward the outcomes you want."
A Practical Guide to Overcoming Procrastination,"A Practical Guide to Overcoming Procrastination is a topic that resonates with many readers today. In this article, we explore the key ideas and practical steps that can make the most significant difference in how you approach daily life. The goal is to give you a sense of clarity, momentum, and confidence so you can take action without feeling overwhelmed. By breaking the topic down into clear, manageable pieces, this blog post helps you discover new habits, avoid common pitfalls, and build a routine that supports your long-term success. The examples and recommendations are drawn from real-world experience and expert advice, making the advice both practical and easy to apply in your own life. You will also learn how to stay motivated, maintain balance, and adapt when challenges arise. Along the way, we highlight small changes that can produce noticeable results. Whether you are just starting out or looking to refine your current approach, these insights can help you make better decisions and feel more in control of your everyday routines. At the end of this guide, you should feel empowered to take the next step with confidence. The journey is not about perfection but progress, and thoughtful preparation will help you build a sustainable path toward the outcomes you want."
How to Prepare for Your First Job Interview,"How to Prepare for Your First Job Interview is a topic that resonates with many readers today. In this article, we explore the key ideas and practical steps that can make the most significant difference in how you approach daily life. The goal is to give you a sense of clarity, momentum, and confidence so you can take action without feeling overwhelmed. By breaking the topic down into clear, manageable pieces, this blog post helps you discover new habits, avoid common pitfalls, and build a routine that supports your long-term success. The examples and recommendations are drawn from real-world experience and expert advice, making the advice both practical and easy to apply in your own life. You will also learn how to stay motivated, maintain balance, and adapt when challenges arise. Along the way, we highlight small changes that can produce noticeable results. Whether you are just starting out or looking to refine your current approach, these insights can help you make better decisions and feel more in control of your everyday routines. At the end of this guide, you should feel empowered to take the next step with confidence. The journey is not about perfection but progress, and thoughtful preparation will help you build a sustainable path toward the outcomes you want."
The Essentials of Financial Planning for Couples,"The Essentials of Financial Planning for Couples is a topic that resonates with many readers today. In this article, we explore the key ideas and practical steps that can make the most significant difference in how you approach daily life. The goal is to give you a sense of clarity, momentum, and confidence so you can take action without feeling overwhelmed. By breaking the topic down into clear, manageable pieces, this blog post helps you discover new habits, avoid common pitfalls, and build a routine that supports your long-term success. The examples and recommendations are drawn from real-world experience and expert advice, making the advice both practical and easy to apply in your own life. You will also learn how to stay motivated, maintain balance, and adapt when challenges arise. Along the way, we highlight small changes that can produce noticeable results. Whether you are just starting out or looking to refine your current approach, these insights can help you make better decisions and feel more in control of your everyday routines. At the end of this guide, you should feel empowered to take the next step with confidence. The journey is not about perfection but progress, and thoughtful preparation will help you build a sustainable path toward the outcomes you want."
How to Start an Online Side Business,"How to Start an Online Side Business is a topic that resonates with many readers today. In this article, we explore the key ideas and practical steps that can make the most significant difference in how you approach daily life. The goal is to give you a sense of clarity, momentum, and confidence so you can take action without feeling overwhelmed. By breaking the topic down into clear, manageable pieces, this blog post helps you discover new habits, avoid common pitfalls, and build a routine that supports your long-term success. The examples and recommendations are drawn from real-world experience and expert advice, making the advice both practical and easy to apply in your own life. You will also learn how to stay motivated, maintain balance, and adapt when challenges arise. Along the way, we highlight small changes that can produce noticeable results. Whether you are just starting out or looking to refine your current approach, these insights can help you make better decisions and feel more in control of your everyday routines. At the end of this guide, you should feel empowered to take the next step with confidence. The journey is not about perfection but progress, and thoughtful preparation will help you build a sustainable path toward the outcomes you want."
The Health Benefits of Walking Every Day,"The Health Benefits of Walking Every Day is a topic that resonates with many readers today. In this article, we explore the key ideas and practical steps that can make the most significant difference in how you approach daily life. The goal is to give you a sense of clarity, momentum, and confidence so you can take action without feeling overwhelmed. By breaking the topic down into clear, manageable pieces, this blog post helps you discover new habits, avoid common pitfalls, and build a routine that supports your long-term success. The examples and recommendations are drawn from real-world experience and expert advice, making the advice both practical and easy to apply in your own life. You will also learn how to stay motivated, maintain balance, and adapt when challenges arise. Along the way, we highlight small changes that can produce noticeable results. Whether you are just starting out or looking to refine your current approach, these insights can help you make better decisions and feel more in control of your everyday routines. At the end of this guide, you should feel empowered to take the next step with confidence. The journey is not about perfection but progress, and thoughtful preparation will help you build a sustainable path toward the outcomes you want."
How to Prepare Healthy Snacks for Busy Days,"How to Prepare Healthy Snacks for Busy Days is a topic that resonates with many readers today. In this article, we explore the key ideas and practical steps that can make the most significant difference in how you approach daily life. The goal is to give you a sense of clarity, momentum, and confidence so you can take action without feeling overwhelmed. By breaking the topic down into clear, manageable pieces, this blog post helps you discover new habits, avoid common pitfalls, and build a routine that supports your long-term success. The examples and recommendations are drawn from real-world experience and expert advice, making the advice both practical and easy to apply in your own life. You will also learn how to stay motivated, maintain balance, and adapt when challenges arise. Along the way, we highlight small changes that can produce noticeable results. Whether you are just starting out or looking to refine your current approach, these insights can help you make better decisions and feel more in control of your everyday routines. At the end of this guide, you should feel empowered to take the next step with confidence. The journey is not about perfection but progress, and thoughtful preparation will help you build a sustainable path toward the outcomes you want."
The Importance of Cybersecurity for Small Businesses,"The Importance of Cybersecurity for Small Businesses is a topic that resonates with many readers today. In this article, we explore the key ideas and practical steps that can make the most significant difference in how you approach daily life. The goal is to give you a sense of clarity, momentum, and confidence so you can take action without feeling overwhelmed. By breaking the topic down into clear, manageable pieces, this blog post helps you discover new habits, avoid common pitfalls, and build a routine that supports your long-term success. The examples and recommendations are drawn from real-world experience and expert advice, making the advice both practical and easy to apply in your own life. You will also learn how to stay motivated, maintain balance, and adapt when challenges arise. Along the way, we highlight small changes that can produce noticeable results. Whether you are just starting out or looking to refine your current approach, these insights can help you make better decisions and feel more in control of your everyday routines. At the end of this guide, you should feel empowered to take the next step with confidence. The journey is not about perfection but progress, and thoughtful preparation will help you build a sustainable path toward the outcomes you want."
How to Create an Inspiring Morning Ritual,"How to Create an Inspiring Morning Ritual is a topic that resonates with many readers today. In this article, we explore the key ideas and practical steps that can make the most significant difference in how you approach daily life. The goal is to give you a sense of clarity, momentum, and confidence so you can take action without feeling overwhelmed. By breaking the topic down into clear, manageable pieces, this blog post helps you discover new habits, avoid common pitfalls, and build a routine that supports your long-term success. The examples and recommendations are drawn from real-world experience and expert advice, making the advice both practical and easy to apply in your own life. You will also learn how to stay motivated, maintain balance, and adapt when challenges arise. Along the way, we highlight small changes that can produce noticeable results. Whether you are just starting out or looking to refine your current approach, these insights can help you make better decisions and feel more in control of your everyday routines. At the end of this guide, you should feel empowered to take the next step with confidence. The journey is not about perfection but progress, and thoughtful preparation will help you build a sustainable path toward the outcomes you want."
A Guide to Understanding Climate Change,"A Guide to Understanding Climate Change is a topic that resonates with many readers today. In this article, we explore the key ideas and practical steps that can make the most significant difference in how you approach daily life. The goal is to give you a sense of clarity, momentum, and confidence so you can take action without feeling overwhelmed. By breaking the topic down into clear, manageable pieces, this blog post helps you discover new habits, avoid common pitfalls, and build a routine that supports your long-term success. The examples and recommendations are drawn from real-world experience and expert advice, making the advice both practical and easy to apply in your own life. You will also learn how to stay motivated, maintain balance, and adapt when challenges arise. Along the way, we highlight small changes that can produce noticeable results. Whether you are just starting out or looking to refine your current approach, these insights can help you make better decisions and feel more in control of your everyday routines. At the end of this guide, you should feel empowered to take the next step with confidence. The journey is not about perfection but progress, and thoughtful preparation will help you build a sustainable path toward the outcomes you want."
How to Build Confidence in Your Professional Life,"How to Build Confidence in Your Professional Life is a topic that resonates with many readers today. In this article, we explore the key ideas and practical steps that can make the most significant difference in how you approach daily life. The goal is to give you a sense of clarity, momentum, and confidence so you can take action without feeling overwhelmed. By breaking the topic down into clear, manageable pieces, this blog post helps you discover new habits, avoid common pitfalls, and build a routine that supports your long-term success. The examples and recommendations are drawn from real-world experience and expert advice, making the advice both practical and easy to apply in your own life. You will also learn how to stay motivated, maintain balance, and adapt when challenges arise. Along the way, we highlight small changes that can produce noticeable results. Whether you are just starting out or looking to refine your current approach, these insights can help you make better decisions and feel more in control of your everyday routines. At the end of this guide, you should feel empowered to take the next step with confidence. The journey is not about perfection but progress, and thoughtful preparation will help you build a sustainable path toward the outcomes you want."
The Advantages of Learning from Failure,"The Advantages of Learning from Failure is a topic that resonates with many readers today. In this article, we explore the key ideas and practical steps that can make the most significant difference in how you approach daily life. The goal is to give you a sense of clarity, momentum, and confidence so you can take action without feeling overwhelmed. By breaking the topic down into clear, manageable pieces, this blog post helps you discover new habits, avoid common pitfalls, and build a routine that supports your long-term success. The examples and recommendations are drawn from real-world experience and expert advice, making the advice both practical and easy to apply in your own life. You will also learn how to stay motivated, maintain balance, and adapt when challenges arise. Along the way, we highlight small changes that can produce noticeable results. Whether you are just starting out or looking to refine your current approach, these insights can help you make better decisions and feel more in control of your everyday routines. At the end of this guide, you should feel empowered to take the next step with confidence. The journey is not about perfection but progress, and thoughtful preparation will help you build a sustainable path toward the outcomes you want."
How to Start Planning for Retirement in Your 20s,"How to Start Planning for Retirement in Your 20s is a topic that resonates with many readers today. In this article, we explore the key ideas and practical steps that can make the most significant difference in how you approach daily life. The goal is to give you a sense of clarity, momentum, and confidence so you can take action without feeling overwhelmed. By breaking the topic down into clear, manageable pieces, this blog post helps you discover new habits, avoid common pitfalls, and build a routine that supports your long-term success. The examples and recommendations are drawn from real-world experience and expert advice, making the advice both practical and easy to apply in your own life. You will also learn how to stay motivated, maintain balance, and adapt when challenges arise. Along the way, we highlight small changes that can produce noticeable results. Whether you are just starting out or looking to refine your current approach, these insights can help you make better decisions and feel more in control of your everyday routines. At the end of this guide, you should feel empowered to take the next step with confidence. The journey is not about perfection but progress, and thoughtful preparation will help you build a sustainable path toward the outcomes you want."
The Basics of Developing an App Idea,"The Basics of Developing an App Idea is a topic that resonates with many readers today. In this article, we explore the key ideas and practical steps that can make the most significant difference in how you approach daily life. The goal is to give you a sense of clarity, momentum, and confidence so you can take action without feeling overwhelmed. By breaking the topic down into clear, manageable pieces, this blog post helps you discover new habits, avoid common pitfalls, and build a routine that supports your long-term success. The examples and recommendations are drawn from real-world experience and expert advice, making the advice both practical and easy to apply in your own life. You will also learn how to stay motivated, maintain balance, and adapt when challenges arise. Along the way, we highlight small changes that can produce noticeable results. Whether you are just starting out or looking to refine your current approach, these insights can help you make better decisions and feel more in control of your everyday routines. At the end of this guide, you should feel empowered to take the next step with confidence. The journey is not about perfection but progress, and thoughtful preparation will help you build a sustainable path toward the outcomes you want."
How to Stay Productive When Working from Home,"How to Stay Productive When Working from Home is a topic that resonates with many readers today. In this article, we explore the key ideas and practical steps that can make the most significant difference in how you approach daily life. The goal is to give you a sense of clarity, momentum, and confidence so you can take action without feeling overwhelmed. By breaking the topic down into clear, manageable pieces, this blog post helps you discover new habits, avoid common pitfalls, and build a routine that supports your long-term success. The examples and recommendations are drawn from real-world experience and expert advice, making the advice both practical and easy to apply in your own life. You will also learn how to stay motivated, maintain balance, and adapt when challenges arise. Along the way, we highlight small changes that can produce noticeable results. Whether you are just starting out or looking to refine your current approach, these insights can help you make better decisions and feel more in control of your everyday routines. At the end of this guide, you should feel empowered to take the next step with confidence. The journey is not about perfection but progress, and thoughtful preparation will help you build a sustainable path toward the outcomes you want."
A Beginner’s Guide to Meditation for Busy People,"A Beginner’s Guide to Meditation for Busy People is a topic that resonates with many readers today. In this article, we explore the key ideas and practical steps that can make the most significant difference in how you approach daily life. The goal is to give you a sense of clarity, momentum, and confidence so you can take action without feeling overwhelmed. By breaking the topic down into clear, manageable pieces, this blog post helps you discover new habits, avoid common pitfalls, and build a routine that supports your long-term success. The examples and recommendations are drawn from real-world experience and expert advice, making the advice both practical and easy to apply in your own life. You will also learn how to stay motivated, maintain balance, and adapt when challenges arise. Along the way, we highlight small changes that can produce noticeable results. Whether you are just starting out or looking to refine your current approach, these insights can help you make better decisions and feel more in control of your everyday routines. At the end of this guide, you should feel empowered to take the next step with confidence. The journey is not about perfection but progress, and thoughtful preparation will help you build a sustainable path toward the outcomes you want."
How to Create a Sustainable Fitness Plan,"How to Create a Sustainable Fitness Plan is a topic that resonates with many readers today. In this article, we explore the key ideas and practical steps that can make the most significant difference in how you approach daily life. The goal is to give you a sense of clarity, momentum, and confidence so you can take action without feeling overwhelmed. By breaking the topic down into clear, manageable pieces, this blog post helps you discover new habits, avoid common pitfalls, and build a routine that supports your long-term success. The examples and recommendations are drawn from real-world experience and expert advice, making the advice both practical and easy to apply in your own life. You will also learn how to stay motivated, maintain balance, and adapt when challenges arise. Along the way, we highlight small changes that can produce noticeable results. Whether you are just starting out or looking to refine your current approach, these insights can help you make better decisions and feel more in control of your everyday routines. At the end of this guide, you should feel empowered to take the next step with confidence. The journey is not about perfection but progress, and thoughtful preparation will help you build a sustainable path toward the outcomes you want."
The Power of Positive Thinking in Daily Life,"The Power of Positive Thinking in Daily Life is a topic that resonates with many readers today. In this article, we explore the key ideas and practical steps that can make the most significant difference in how you approach daily life. The goal is to give you a sense of clarity, momentum, and confidence so you can take action without feeling overwhelmed. By breaking the topic down into clear, manageable pieces, this blog post helps you discover new habits, avoid common pitfalls, and build a routine that supports your long-term success. The examples and recommendations are drawn from real-world experience and expert advice, making the advice both practical and easy to apply in your own life. You will also learn how to stay motivated, maintain balance, and adapt when challenges arise. Along the way, we highlight small changes that can produce noticeable results. Whether you are just starting out or looking to refine your current approach, these insights can help you make better decisions and feel more in control of your everyday routines. At the end of this guide, you should feel empowered to take the next step with confidence. The journey is not about perfection but progress, and thoughtful preparation will help you build a sustainable path toward the outcomes you want."
How to Build Better Habits with Small Changes,"How to Build Better Habits with Small Changes is a topic that resonates with many readers today. In this article, we explore the key ideas and practical steps that can make the most significant difference in how you approach daily life. The goal is to give you a sense of clarity, momentum, and confidence so you can take action without feeling overwhelmed. By breaking the topic down into clear, manageable pieces, this blog post helps you discover new habits, avoid common pitfalls, and build a routine that supports your long-term success. The examples and recommendations are drawn from real-world experience and expert advice, making the advice both practical and easy to apply in your own life. You will also learn how to stay motivated, maintain balance, and adapt when challenges arise. Along the way, we highlight small changes that can produce noticeable results. Whether you are just starting out or looking to refine your current approach, these insights can help you make better decisions and feel more in control of your everyday routines. At the end of this guide, you should feel empowered to take the next step with confidence. The journey is not about perfection but progress, and thoughtful preparation will help you build a sustainable path toward the outcomes you want."
A Practical Guide to Setting Quarterly Goals,"A Practical Guide to Setting Quarterly Goals is a topic that resonates with many readers today. In this article, we explore the key ideas and practical steps that can make the most significant difference in how you approach daily life. The goal is to give you a sense of clarity, momentum, and confidence so you can take action without feeling overwhelmed. By breaking the topic down into clear, manageable pieces, this blog post helps you discover new habits, avoid common pitfalls, and build a routine that supports your long-term success. The examples and recommendations are drawn from real-world experience and expert advice, making the advice both practical and easy to apply in your own life. You will also learn how to stay motivated, maintain balance, and adapt when challenges arise. Along the way, we highlight small changes that can produce noticeable results. Whether you are just starting out or looking to refine your current approach, these insights can help you make better decisions and feel more in control of your everyday routines. At the end of this guide, you should feel empowered to take the next step with confidence. The journey is not about perfection but progress, and thoughtful preparation will help you build a sustainable path toward the outcomes you want."
How to Improve Your Mental Focus Each Day,"How to Improve Your Mental Focus Each Day is a topic that resonates with many readers today. In this article, we explore the key ideas and practical steps that can make the most significant difference in how you approach daily life. The goal is to give you a sense of clarity, momentum, and confidence so you can take action without feeling overwhelmed. By breaking the topic down into clear, manageable pieces, this blog post helps you discover new habits, avoid common pitfalls, and build a routine that supports your long-term success. The examples and recommendations are drawn from real-world experience and expert advice, making the advice both practical and easy to apply in your own life. You will also learn how to stay motivated, maintain balance, and adapt when challenges arise. Along the way, we highlight small changes that can produce noticeable results. Whether you are just starting out or looking to refine your current approach, these insights can help you make better decisions and feel more in control of your everyday routines. At the end of this guide, you should feel empowered to take the next step with confidence. The journey is not about perfection but progress, and thoughtful preparation will help you build a sustainable path toward the outcomes you want."
The Benefits of Cooking with Whole Foods,"The Benefits of Cooking with Whole Foods is a topic that resonates with many readers today. In this article, we explore the key ideas and practical steps that can make the most significant difference in how you approach daily life. The goal is to give you a sense of clarity, momentum, and confidence so you can take action without feeling overwhelmed. By breaking the topic down into clear, manageable pieces, this blog post helps you discover new habits, avoid common pitfalls, and build a routine that supports your long-term success. The examples and recommendations are drawn from real-world experience and expert advice, making the advice both practical and easy to apply in your own life. You will also learn how to stay motivated, maintain balance, and adapt when challenges arise. Along the way, we highlight small changes that can produce noticeable results. Whether you are just starting out or looking to refine your current approach, these insights can help you make better decisions and feel more in control of your everyday routines. At the end of this guide, you should feel empowered to take the next step with confidence. The journey is not about perfection but progress, and thoughtful preparation will help you build a sustainable path toward the outcomes you want."
How to Build a Strong Financial Foundation,"How to Build a Strong Financial Foundation is a topic that resonates with many readers today. In this article, we explore the key ideas and practical steps that can make the most significant difference in how you approach daily life. The goal is to give you a sense of clarity, momentum, and confidence so you can take action without feeling overwhelmed. By breaking the topic down into clear, manageable pieces, this blog post helps you discover new habits, avoid common pitfalls, and build a routine that supports your long-term success. The examples and recommendations are drawn from real-world experience and expert advice, making the advice both practical and easy to apply in your own life. You will also learn how to stay motivated, maintain balance, and adapt when challenges arise. Along the way, we highlight small changes that can produce noticeable results. Whether you are just starting out or looking to refine your current approach, these insights can help you make better decisions and feel more in control of your everyday routines. At the end of this guide, you should feel empowered to take the next step with confidence. The journey is not about perfection but progress, and thoughtful preparation will help you build a sustainable path toward the outcomes you want."
The Importance of Finding a Mentor,"The Importance of Finding a Mentor is a topic that resonates with many readers today. In this article, we explore the key ideas and practical steps that can make the most significant difference in how you approach daily life. The goal is to give you a sense of clarity, momentum, and confidence so you can take action without feeling overwhelmed. By breaking the topic down into clear, manageable pieces, this blog post helps you discover new habits, avoid common pitfalls, and build a routine that supports your long-term success. The examples and recommendations are drawn from real-world experience and expert advice, making the advice both practical and easy to apply in your own life. You will also learn how to stay motivated, maintain balance, and adapt when challenges arise. Along the way, we highlight small changes that can produce noticeable results. Whether you are just starting out or looking to refine your current approach, these insights can help you make better decisions and feel more in control of your everyday routines. At the end of this guide, you should feel empowered to take the next step with confidence. The journey is not about perfection but progress, and thoughtful preparation will help you build a sustainable path toward the outcomes you want."
How to Establish a Strong Online Learning Routine,"How to Establish a Strong Online Learning Routine is a topic that resonates with many readers today. In this article, we explore the key ideas and practical steps that can make the most significant difference in how you approach daily life. The goal is to give you a sense of clarity, momentum, and confidence so you can take action without feeling overwhelmed. By breaking the topic down into clear, manageable pieces, this blog post helps you discover new habits, avoid common pitfalls, and build a routine that supports your long-term success. The examples and recommendations are drawn from real-world experience and expert advice, making the advice both practical and easy to apply in your own life. You will also learn how to stay motivated, maintain balance, and adapt when challenges arise. Along the way, we highlight small changes that can produce noticeable results. Whether you are just starting out or looking to refine your current approach, these insights can help you make better decisions and feel more in control of your everyday routines. At the end of this guide, you should feel empowered to take the next step with confidence. The journey is not about perfection but progress, and thoughtful preparation will help you build a sustainable path toward the outcomes you want."
The Role of Gratitude in Building Relationships,"The Role of Gratitude in Building Relationships is a topic that resonates with many readers today. In this article, we explore the key ideas and practical steps that can make the most significant difference in how you approach daily life. The goal is to give you a sense of clarity, momentum, and confidence so you can take action without feeling overwhelmed. By breaking the topic down into clear, manageable pieces, this blog post helps you discover new habits, avoid common pitfalls, and build a routine that supports your long-term success. The examples and recommendations are drawn from real-world experience and expert advice, making the advice both practical and easy to apply in your own life. You will also learn how to stay motivated, maintain balance, and adapt when challenges arise. Along the way, we highlight small changes that can produce noticeable results. Whether you are just starting out or looking to refine your current approach, these insights can help you make better decisions and feel more in control of your everyday routines. At the end of this guide, you should feel empowered to take the next step with confidence. The journey is not about perfection but progress, and thoughtful preparation will help you build a sustainable path toward the outcomes you want."
How to Prepare for a Career Change,"How to Prepare for a Career Change is a topic that resonates with many readers today. In this article, we explore the key ideas and practical steps that can make the most significant difference in how you approach daily life. The goal is to give you a sense of clarity, momentum, and confidence so you can take action without feeling overwhelmed. By breaking the topic down into clear, manageable pieces, this blog post helps you discover new habits, avoid common pitfalls, and build a routine that supports your long-term success. The examples and recommendations are drawn from real-world experience and expert advice, making the advice both practical and easy to apply in your own life. You will also learn how to stay motivated, maintain balance, and adapt when challenges arise. Along the way, we highlight small changes that can produce noticeable results. Whether you are just starting out or looking to refine your current approach, these insights can help you make better decisions and feel more in control of your everyday routines. At the end of this guide, you should feel empowered to take the next step with confidence. The journey is not about perfection but progress, and thoughtful preparation will help you build a sustainable path toward the outcomes you want."
A Guide to Reducing Stress Through Planning,"A Guide to Reducing Stress Through Planning is a topic that resonates with many readers today. In this article, we explore the key ideas and practical steps that can make the most significant difference in how you approach daily life. The goal is to give you a sense of clarity, momentum, and confidence so you can take action without feeling overwhelmed. By breaking the topic down into clear, manageable pieces, this blog post helps you discover new habits, avoid common pitfalls, and build a routine that supports your long-term success. The examples and recommendations are drawn from real-world experience and expert advice, making the advice both practical and easy to apply in your own life. You will also learn how to stay motivated, maintain balance, and adapt when challenges arise. Along the way, we highlight small changes that can produce noticeable results. Whether you are just starting out or looking to refine your current approach, these insights can help you make better decisions and feel more in control of your everyday routines. At the end of this guide, you should feel empowered to take the next step with confidence. The journey is not about perfection but progress, and thoughtful preparation will help you build a sustainable path toward the outcomes you want."
How to Make Time for Creative Work,"How to Make Time for Creative Work is a topic that resonates with many readers today. In this article, we explore the key ideas and practical steps that can make the most significant difference in how you approach daily life. The goal is to give you a sense of clarity, momentum, and confidence so you can take action without feeling overwhelmed. By breaking the topic down into clear, manageable pieces, this blog post helps you discover new habits, avoid common pitfalls, and build a routine that supports your long-term success. The examples and recommendations are drawn from real-world experience and expert advice, making the advice both practical and easy to apply in your own life. You will also learn how to stay motivated, maintain balance, and adapt when challenges arise. Along the way, we highlight small changes that can produce noticeable results. Whether you are just starting out or looking to refine your current approach, these insights can help you make better decisions and feel more in control of your everyday routines. At the end of this guide, you should feel empowered to take the next step with confidence. The journey is not about perfection but progress, and thoughtful preparation will help you build a sustainable path toward the outcomes you want."
The Value of Taking Regular Breaks at Work,"The Value of Taking Regular Breaks at Work is a topic that resonates with many readers today. In this article, we explore the key ideas and practical steps that can make the most significant difference in how you approach daily life. The goal is to give you a sense of clarity, momentum, and confidence so you can take action without feeling overwhelmed. By breaking the topic down into clear, manageable pieces, this blog post helps you discover new habits, avoid common pitfalls, and build a routine that supports your long-term success. The examples and recommendations are drawn from real-world experience and expert advice, making the advice both practical and easy to apply in your own life. You will also learn how to stay motivated, maintain balance, and adapt when challenges arise. Along the way, we highlight small changes that can produce noticeable results. Whether you are just starting out or looking to refine your current approach, these insights can help you make better decisions and feel more in control of your everyday routines. At the end of this guide, you should feel empowered to take the next step with confidence. The journey is not about perfection but progress, and thoughtful preparation will help you build a sustainable path toward the outcomes you want."
How to Care for Your Physical and Mental Health,"How to Care for Your Physical and Mental Health is a topic that resonates with many readers today. In this article, we explore the key ideas and practical steps that can make the most significant difference in how you approach daily life. The goal is to give you a sense of clarity, momentum, and confidence so you can take action without feeling overwhelmed. By breaking the topic down into clear, manageable pieces, this blog post helps you discover new habits, avoid common pitfalls, and build a routine that supports your long-term success. The examples and recommendations are drawn from real-world experience and expert advice, making the advice both practical and easy to apply in your own life. You will also learn how to stay motivated, maintain balance, and adapt when challenges arise. Along the way, we highlight small changes that can produce noticeable results. Whether you are just starting out or looking to refine your current approach, these insights can help you make better decisions and feel more in control of your everyday routines. At the end of this guide, you should feel empowered to take the next step with confidence. The journey is not about perfection but progress, and thoughtful preparation will help you build a sustainable path toward the outcomes you want."
A Step-by-Step Guide to Saving for a Home,"A Step-by-Step Guide to Saving for a Home is a topic that resonates with many readers today. In this article, we explore the key ideas and practical steps that can make the most significant difference in how you approach daily life. The goal is to give you a sense of clarity, momentum, and confidence so you can take action without feeling overwhelmed. By breaking the topic down into clear, manageable pieces, this blog post helps you discover new habits, avoid common pitfalls, and build a routine that supports your long-term success. The examples and recommendations are drawn from real-world experience and expert advice, making the advice both practical and easy to apply in your own life. You will also learn how to stay motivated, maintain balance, and adapt when challenges arise. Along the way, we highlight small changes that can produce noticeable results. Whether you are just starting out or looking to refine your current approach, these insights can help you make better decisions and feel more in control of your everyday routines. At the end of this guide, you should feel empowered to take the next step with confidence. The journey is not about perfection but progress, and thoughtful preparation will help you build a sustainable path toward the outcomes you want."
How to Create a Flexible Weekly Schedule,"How to Create a Flexible Weekly Schedule is a topic that resonates with many readers today. In this article, we explore the key ideas and practical steps that can make the most significant difference in how you approach daily life. The goal is to give you a sense of clarity, momentum, and confidence so you can take action without feeling overwhelmed. By breaking the topic down into clear, manageable pieces, this blog post helps you discover new habits, avoid common pitfalls, and build a routine that supports your long-term success. The examples and recommendations are drawn from real-world experience and expert advice, making the advice both practical and easy to apply in your own life. You will also learn how to stay motivated, maintain balance, and adapt when challenges arise. Along the way, we highlight small changes that can produce noticeable results. Whether you are just starting out or looking to refine your current approach, these insights can help you make better decisions and feel more in control of your everyday routines. At the end of this guide, you should feel empowered to take the next step with confidence. The journey is not about perfection but progress, and thoughtful preparation will help you build a sustainable path toward the outcomes you want."
The Essentials of Planning a Successful Event,"The Essentials of Planning a Successful Event is a topic that resonates with many readers today. In this article, we explore the key ideas and practical steps that can make the most significant difference in how you approach daily life. The goal is to give you a sense of clarity, momentum, and confidence so you can take action without feeling overwhelmed. By breaking the topic down into clear, manageable pieces, this blog post helps you discover new habits, avoid common pitfalls, and build a routine that supports your long-term success. The examples and recommendations are drawn from real-world experience and expert advice, making the advice both practical and easy to apply in your own life. You will also learn how to stay motivated, maintain balance, and adapt when challenges arise. Along the way, we highlight small changes that can produce noticeable results. Whether you are just starting out or looking to refine your current approach, these insights can help you make better decisions and feel more in control of your everyday routines. At the end of this guide, you should feel empowered to take the next step with confidence. The journey is not about perfection but progress, and thoughtful preparation will help you build a sustainable path toward the outcomes you want."
How to Build a Strong Portfolio for Creative Work,"How to Build a Strong Portfolio for Creative Work is a topic that resonates with many readers today. In this article, we explore the key ideas and practical steps that can make the most significant difference in how you approach daily life. The goal is to give you a sense of clarity, momentum, and confidence so you can take action without feeling overwhelmed. By breaking the topic down into clear, manageable pieces, this blog post helps you discover new habits, avoid common pitfalls, and build a routine that supports your long-term success. The examples and recommendations are drawn from real-world experience and expert advice, making the advice both practical and easy to apply in your own life. You will also learn how to stay motivated, maintain balance, and adapt when challenges arise. Along the way, we highlight small changes that can produce noticeable results. Whether you are just starting out or looking to refine your current approach, these insights can help you make better decisions and feel more in control of your everyday routines. At the end of this guide, you should feel empowered to take the next step with confidence. The journey is not about perfection but progress, and thoughtful preparation will help you build a sustainable path toward the outcomes you want."
A Beginner’s Guide to Writing a Blog Post,"A Beginner’s Guide to Writing a Blog Post is a topic that resonates with many readers today. In this article, we explore the key ideas and practical steps that can make the most significant difference in how you approach daily life. The goal is to give you a sense of clarity, momentum, and confidence so you can take action without feeling overwhelmed. By breaking the topic down into clear, manageable pieces, this blog post helps you discover new habits, avoid common pitfalls, and build a routine that supports your long-term success. The examples and recommendations are drawn from real-world experience and expert advice, making the advice both practical and easy to apply in your own life. You will also learn how to stay motivated, maintain balance, and adapt when challenges arise. Along the way, we highlight small changes that can produce noticeable results. Whether you are just starting out or looking to refine your current approach, these insights can help you make better decisions and feel more in control of your everyday routines. At the end of this guide, you should feel empowered to take the next step with confidence. The journey is not about perfection but progress, and thoughtful preparation will help you build a sustainable path toward the outcomes you want."
How to Manage a Growing Workload with Ease,"How to Manage a Growing Workload with Ease is a topic that resonates with many readers today. In this article, we explore the key ideas and practical steps that can make the most significant difference in how you approach daily life. The goal is to give you a sense of clarity, momentum, and confidence so you can take action without feeling overwhelmed. By breaking the topic down into clear, manageable pieces, this blog post helps you discover new habits, avoid common pitfalls, and build a routine that supports your long-term success. The examples and recommendations are drawn from real-world experience and expert advice, making the advice both practical and easy to apply in your own life. You will also learn how to stay motivated, maintain balance, and adapt when challenges arise. Along the way, we highlight small changes that can produce noticeable results. Whether you are just starting out or looking to refine your current approach, these insights can help you make better decisions and feel more in control of your everyday routines. At the end of this guide, you should feel empowered to take the next step with confidence. The journey is not about perfection but progress, and thoughtful preparation will help you build a sustainable path toward the outcomes you want."
The Importance of Setting Healthy Boundaries,"The Importance of Setting Healthy Boundaries is a topic that resonates with many readers today. In this article, we explore the key ideas and practical steps that can make the most significant difference in how you approach daily life. The goal is to give you a sense of clarity, momentum, and confidence so you can take action without feeling overwhelmed. By breaking the topic down into clear, manageable pieces, this blog post helps you discover new habits, avoid common pitfalls, and build a routine that supports your long-term success. The examples and recommendations are drawn from real-world experience and expert advice, making the advice both practical and easy to apply in your own life. You will also learn how to stay motivated, maintain balance, and adapt when challenges arise. Along the way, we highlight small changes that can produce noticeable results. Whether you are just starting out or looking to refine your current approach, these insights can help you make better decisions and feel more in control of your everyday routines. At the end of this guide, you should feel empowered to take the next step with confidence. The journey is not about perfection but progress, and thoughtful preparation will help you build a sustainable path toward the outcomes you want."
How to Use Feedback to Improve Your Skills,"How to Use Feedback to Improve Your Skills is a topic that resonates with many readers today. In this article, we explore the key ideas and practical steps that can make the most significant difference in how you approach daily life. The goal is to give you a sense of clarity, momentum, and confidence so you can take action without feeling overwhelmed. By breaking the topic down into clear, manageable pieces, this blog post helps you discover new habits, avoid common pitfalls, and build a routine that supports your long-term success. The examples and recommendations are drawn from real-world experience and expert advice, making the advice both practical and easy to apply in your own life. You will also learn how to stay motivated, maintain balance, and adapt when challenges arise. Along the way, we highlight small changes that can produce noticeable results. Whether you are just starting out or looking to refine your current approach, these insights can help you make better decisions and feel more in control of your everyday routines. At the end of this guide, you should feel empowered to take the next step with confidence. The journey is not about perfection but progress, and thoughtful preparation will help you build a sustainable path toward the outcomes you want."
A Practical Guide to Planning Family Time,"A Practical Guide to Planning Family Time is a topic that resonates with many readers today. In this article, we explore the key ideas and practical steps that can make the most significant difference in how you approach daily life. The goal is to give you a sense of clarity, momentum, and confidence so you can take action without feeling overwhelmed. By breaking the topic down into clear, manageable pieces, this blog post helps you discover new habits, avoid common pitfalls, and build a routine that supports your long-term success. The examples and recommendations are drawn from real-world experience and expert advice, making the advice both practical and easy to apply in your own life. You will also learn how to stay motivated, maintain balance, and adapt when challenges arise. Along the way, we highlight small changes that can produce noticeable results. Whether you are just starting out or looking to refine your current approach, these insights can help you make better decisions and feel more in control of your everyday routines. At the end of this guide, you should feel empowered to take the next step with confidence. The journey is not about perfection but progress, and thoughtful preparation will help you build a sustainable path toward the outcomes you want."
How to Create a Personal Development Plan,"How to Create a Personal Development Plan is a topic that resonates with many readers today. In this article, we explore the key ideas and practical steps that can make the most significant difference in how you approach daily life. The goal is to give you a sense of clarity, momentum, and confidence so you can take action without feeling overwhelmed. By breaking the topic down into clear, manageable pieces, this blog post helps you discover new habits, avoid common pitfalls, and build a routine that supports your long-term success. The examples and recommendations are drawn from real-world experience and expert advice, making the advice both practical and easy to apply in your own life. You will also learn how to stay motivated, maintain balance, and adapt when challenges arise. Along the way, we highlight small changes that can produce noticeable results. Whether you are just starting out or looking to refine your current approach, these insights can help you make better decisions and feel more in control of your everyday routines. At the end of this guide, you should feel empowered to take the next step with confidence. The journey is not about perfection but progress, and thoughtful preparation will help you build a sustainable path toward the outcomes you want."
The Benefits of Prioritizing Sleep Hygiene,"The Benefits of Prioritizing Sleep Hygiene is a topic that resonates with many readers today. In this article, we explore the key ideas and practical steps that can make the most significant difference in how you approach daily life. The goal is to give you a sense of clarity, momentum, and confidence so you can take action without feeling overwhelmed. By breaking the topic down into clear, manageable pieces, this blog post helps you discover new habits, avoid common pitfalls, and build a routine that supports your long-term success. The examples and recommendations are drawn from real-world experience and expert advice, making the advice both practical and easy to apply in your own life. You will also learn how to stay motivated, maintain balance, and adapt when challenges arise. Along the way, we highlight small changes that can produce noticeable results. Whether you are just starting out or looking to refine your current approach, these insights can help you make better decisions and feel more in control of your everyday routines. At the end of this guide, you should feel empowered to take the next step with confidence. The journey is not about perfection but progress, and thoughtful preparation will help you build a sustainable path toward the outcomes you want."
How to Use Technology to Improve Daily Productivity,"How to Use Technology to Improve Daily Productivity is a topic that resonates with many readers today. In this article, we explore the key ideas and practical steps that can make the most significant difference in how you approach daily life. The goal is to give you a sense of clarity, momentum, and confidence so you can take action without feeling overwhelmed. By breaking the topic down into clear, manageable pieces, this blog post helps you discover new habits, avoid common pitfalls, and build a routine that supports your long-term success. The examples and recommendations are drawn from real-world experience and expert advice, making the advice both practical and easy to apply in your own life. You will also learn how to stay motivated, maintain balance, and adapt when challenges arise. Along the way, we highlight small changes that can produce noticeable results. Whether you are just starting out or looking to refine your current approach, these insights can help you make better decisions and feel more in control of your everyday routines. At the end of this guide, you should feel empowered to take the next step with confidence. The journey is not about perfection but progress, and thoughtful preparation will help you build a sustainable path toward the outcomes you want."
A Guide to Creating a Calm Evening Routine,"A Guide to Creating a Calm Evening Routine is a topic that resonates with many readers today. In this article, we explore the key ideas and practical steps that can make the most significant difference in how you approach daily life. The goal is to give you a sense of clarity, momentum, and confidence so you can take action without feeling overwhelmed. By breaking the topic down into clear, manageable pieces, this blog post helps you discover new habits, avoid common pitfalls, and build a routine that supports your long-term success. The examples and recommendations are drawn from real-world experience and expert advice, making the advice both practical and easy to apply in your own life. You will also learn how to stay motivated, maintain balance, and adapt when challenges arise. Along the way, we highlight small changes that can produce noticeable results. Whether you are just starting out or looking to refine your current approach, these insights can help you make better decisions and feel more in control of your everyday routines. At the end of this guide, you should feel empowered to take the next step with confidence. The journey is not about perfection but progress, and thoughtful preparation will help you build a sustainable path toward the outcomes you want."
How to Stay Motivated on Long Projects,"How to Stay Motivated on Long Projects is a topic that resonates with many readers today. In this article, we explore the key ideas and practical steps that can make the most significant difference in how you approach daily life. The goal is to give you a sense of clarity, momentum, and confidence so you can take action without feeling overwhelmed. By breaking the topic down into clear, manageable pieces, this blog post helps you discover new habits, avoid common pitfalls, and build a routine that supports your long-term success. The examples and recommendations are drawn from real-world experience and expert advice, making the advice both practical and easy to apply in your own life. You will also learn how to stay motivated, maintain balance, and adapt when challenges arise. Along the way, we highlight small changes that can produce noticeable results. Whether you are just starting out or looking to refine your current approach, these insights can help you make better decisions and feel more in control of your everyday routines. At the end of this guide, you should feel empowered to take the next step with confidence. The journey is not about perfection but progress, and thoughtful preparation will help you build a sustainable path toward the outcomes you want."
The Importance of Continuous Learning in Your Career,"The Importance of Continuous Learning in Your Career is a topic that resonates with many readers today. In this article, we explore the key ideas and practical steps that can make the most significant difference in how you approach daily life. The goal is to give you a sense of clarity, momentum, and confidence so you can take action without feeling overwhelmed. By breaking the topic down into clear, manageable pieces, this blog post helps you discover new habits, avoid common pitfalls, and build a routine that supports your long-term success. The examples and recommendations are drawn from real-world experience and expert advice, making the advice both practical and easy to apply in your own life. You will also learn how to stay motivated, maintain balance, and adapt when challenges arise. Along the way, we highlight small changes that can produce noticeable results. Whether you are just starting out or looking to refine your current approach, these insights can help you make better decisions and feel more in control of your everyday routines. At the end of this guide, you should feel empowered to take the next step with confidence. The journey is not about perfection but progress, and thoughtful preparation will help you build a sustainable path toward the outcomes you want."
How to Create Meaningful Goals for the New Year,"How to Create Meaningful Goals for the New Year is a topic that resonates with many readers today. In this article, we explore the key ideas and practical steps that can make the most significant difference in how you approach daily life. The goal is to give you a sense of clarity, momentum, and confidence so you can take action without feeling overwhelmed. By breaking the topic down into clear, manageable pieces, this blog post helps you discover new habits, avoid common pitfalls, and build a routine that supports your long-term success. The examples and recommendations are drawn from real-world experience and expert advice, making the advice both practical and easy to apply in your own life. You will also learn how to stay motivated, maintain balance, and adapt when challenges arise. Along the way, we highlight small changes that can produce noticeable results. Whether you are just starting out or looking to refine your current approach, these insights can help you make better decisions and feel more in control of your everyday routines. At the end of this guide, you should feel empowered to take the next step with confidence. The journey is not about perfection but progress, and thoughtful preparation will help you build a sustainable path toward the outcomes you want."
A Practical Guide to Building Emotional Resilience,"A Practical Guide to Building Emotional Resilience is a topic that resonates with many readers today. In this article, we explore the key ideas and practical steps that can make the most significant difference in how you approach daily life. The goal is to give you a sense of clarity, momentum, and confidence so you can take action without feeling overwhelmed. By breaking the topic down into clear, manageable pieces, this blog post helps you discover new habits, avoid common pitfalls, and build a routine that supports your long-term success. The examples and recommendations are drawn from real-world experience and expert advice, making the advice both practical and easy to apply in your own life. You will also learn how to stay motivated, maintain balance, and adapt when challenges arise. Along the way, we highlight small changes that can produce noticeable results. Whether you are just starting out or looking to refine your current approach, these insights can help you make better decisions and feel more in control of your everyday routines. At the end of this guide, you should feel empowered to take the next step with confidence. The journey is not about perfection but progress, and thoughtful preparation will help you build a sustainable path toward the outcomes you want."
How to Use Visualization for Goal Achievement,"How to Use Visualization for Goal Achievement is a topic that resonates with many readers today. In this article, we explore the key ideas and practical steps that can make the most significant difference in how you approach daily life. The goal is to give you a sense of clarity, momentum, and confidence so you can take action without feeling overwhelmed. By breaking the topic down into clear, manageable pieces, this blog post helps you discover new habits, avoid common pitfalls, and build a routine that supports your long-term success. The examples and recommendations are drawn from real-world experience and expert advice, making the advice both practical and easy to apply in your own life. You will also learn how to stay motivated, maintain balance, and adapt when challenges arise. Along the way, we highlight small changes that can produce noticeable results. Whether you are just starting out or looking to refine your current approach, these insights can help you make better decisions and feel more in control of your everyday routines. At the end of this guide, you should feel empowered to take the next step with confidence. The journey is not about perfection but progress, and thoughtful preparation will help you build a sustainable path toward the outcomes you want."
The Benefits of Small Acts of Kindness,"The Benefits of Small Acts of Kindness is a topic that resonates with many readers today. In this article, we explore the key ideas and practical steps that can make the most significant difference in how you approach daily life. The goal is to give you a sense of clarity, momentum, and confidence so you can take action without feeling overwhelmed. By breaking the topic down into clear, manageable pieces, this blog post helps you discover new habits, avoid common pitfalls, and build a routine that supports your long-term success. The examples and recommendations are drawn from real-world experience and expert advice, making the advice both practical and easy to apply in your own life. You will also learn how to stay motivated, maintain balance, and adapt when challenges arise. Along the way, we highlight small changes that can produce noticeable results. Whether you are just starting out or looking to refine your current approach, these insights can help you make better decisions and feel more in control of your everyday routines. At the end of this guide, you should feel empowered to take the next step with confidence. The journey is not about perfection but progress, and thoughtful preparation will help you build a sustainable path toward the outcomes you want."
How to Maintain Energy Levels Throughout the Day,"How to Maintain Energy Levels Throughout the Day is a topic that resonates with many readers today. In this article, we explore the key ideas and practical steps that can make the most significant difference in how you approach daily life. The goal is to give you a sense of clarity, momentum, and confidence so you can take action without feeling overwhelmed. By breaking the topic down into clear, manageable pieces, this blog post helps you discover new habits, avoid common pitfalls, and build a routine that supports your long-term success. The examples and recommendations are drawn from real-world experience and expert advice, making the advice both practical and easy to apply in your own life. You will also learn how to stay motivated, maintain balance, and adapt when challenges arise. Along the way, we highlight small changes that can produce noticeable results. Whether you are just starting out or looking to refine your current approach, these insights can help you make better decisions and feel more in control of your everyday routines. At the end of this guide, you should feel empowered to take the next step with confidence. The journey is not about perfection but progress, and thoughtful preparation will help you build a sustainable path toward the outcomes you want."
A Beginner’s Guide to Smart Budgeting,"A Beginner’s Guide to Smart Budgeting is a topic that resonates with many readers today. In this article, we explore the key ideas and practical steps that can make the most significant difference in how you approach daily life. The goal is to give you a sense of clarity, momentum, and confidence so you can take action without feeling overwhelmed. By breaking the topic down into clear, manageable pieces, this blog post helps you discover new habits, avoid common pitfalls, and build a routine that supports your long-term success. The examples and recommendations are drawn from real-world experience and expert advice, making the advice both practical and easy to apply in your own life. You will also learn how to stay motivated, maintain balance, and adapt when challenges arise. Along the way, we highlight small changes that can produce noticeable results. Whether you are just starting out or looking to refine your current approach, these insights can help you make better decisions and feel more in control of your everyday routines. At the end of this guide, you should feel empowered to take the next step with confidence. The journey is not about perfection but progress, and thoughtful preparation will help you build a sustainable path toward the outcomes you want."
How to Avoid Decision Fatigue in a Busy Week,"How to Avoid Decision Fatigue in a Busy Week is a topic that resonates with many readers today. In this article, we explore the key ideas and practical steps that can make the most significant difference in how you approach daily life. The goal is to give you a sense of clarity, momentum, and confidence so you can take action without feeling overwhelmed. By breaking the topic down into clear, manageable pieces, this blog post helps you discover new habits, avoid common pitfalls, and build a routine that supports your long-term success. The examples and recommendations are drawn from real-world experience and expert advice, making the advice both practical and easy to apply in your own life. You will also learn how to stay motivated, maintain balance, and adapt when challenges arise. Along the way, we highlight small changes that can produce noticeable results. Whether you are just starting out or looking to refine your current approach, these insights can help you make better decisions and feel more in control of your everyday routines. At the end of this guide, you should feel empowered to take the next step with confidence. The journey is not about perfection but progress, and thoughtful preparation will help you build a sustainable path toward the outcomes you want."
The Importance of Having a Daily Gratitude Practice,"The Importance of Having a Daily Gratitude Practice is a topic that resonates with many readers today. In this article, we explore the key ideas and practical steps that can make the most significant difference in how you approach daily life. The goal is to give you a sense of clarity, momentum, and confidence so you can take action without feeling overwhelmed. By breaking the topic down into clear, manageable pieces, this blog post helps you discover new habits, avoid common pitfalls, and build a routine that supports your long-term success. The examples and recommendations are drawn from real-world experience and expert advice, making the advice both practical and easy to apply in your own life. You will also learn how to stay motivated, maintain balance, and adapt when challenges arise. Along the way, we highlight small changes that can produce noticeable results. Whether you are just starting out or looking to refine your current approach, these insights can help you make better decisions and feel more in control of your everyday routines. At the end of this guide, you should feel empowered to take the next step with confidence. The journey is not about perfection but progress, and thoughtful preparation will help you build a sustainable path toward the outcomes you want."
How to Set Intentions for Better Focus,"How to Set Intentions for Better Focus is a topic that resonates with many readers today. In this article, we explore the key ideas and practical steps that can make the most significant difference in how you approach daily life. The goal is to give you a sense of clarity, momentum, and confidence so you can take action without feeling overwhelmed. By breaking the topic down into clear, manageable pieces, this blog post helps you discover new habits, avoid common pitfalls, and build a routine that supports your long-term success. The examples and recommendations are drawn from real-world experience and expert advice, making the advice both practical and easy to apply in your own life. You will also learn how to stay motivated, maintain balance, and adapt when challenges arise. Along the way, we highlight small changes that can produce noticeable results. Whether you are just starting out or looking to refine your current approach, these insights can help you make better decisions and feel more in control of your everyday routines. At the end of this guide, you should feel empowered to take the next step with confidence. The journey is not about perfection but progress, and thoughtful preparation will help you build a sustainable path toward the outcomes you want."
A Guide to Staying Organized with Digital Tools,"A Guide to Staying Organized with Digital Tools is a topic that resonates with many readers today. In this article, we explore the key ideas and practical steps that can make the most significant difference in how you approach daily life. The goal is to give you a sense of clarity, momentum, and confidence so you can take action without feeling overwhelmed. By breaking the topic down into clear, manageable pieces, this blog post helps you discover new habits, avoid common pitfalls, and build a routine that supports your long-term success. The examples and recommendations are drawn from real-world experience and expert advice, making the advice both practical and easy to apply in your own life. You will also learn how to stay motivated, maintain balance, and adapt when challenges arise. Along the way, we highlight small changes that can produce noticeable results. Whether you are just starting out or looking to refine your current approach, these insights can help you make better decisions and feel more in control of your everyday routines. At the end of this guide, you should feel empowered to take the next step with confidence. The journey is not about perfection but progress, and thoughtful preparation will help you build a sustainable path toward the outcomes you want."
How to Strengthen Your Professional Communication Skills,"How to Strengthen Your Professional Communication Skills is a topic that resonates with many readers today. In this article, we explore the key ideas and practical steps that can make the most significant difference in how you approach daily life. The goal is to give you a sense of clarity, momentum, and confidence so you can take action without feeling overwhelmed. By breaking the topic down into clear, manageable pieces, this blog post helps you discover new habits, avoid common pitfalls, and build a routine that supports your long-term success. The examples and recommendations are drawn from real-world experience and expert advice, making the advice both practical and easy to apply in your own life. You will also learn how to stay motivated, maintain balance, and adapt when challenges arise. Along the way, we highlight small changes that can produce noticeable results. Whether you are just starting out or looking to refine your current approach, these insights can help you make better decisions and feel more in control of your everyday routines. At the end of this guide, you should feel empowered to take the next step with confidence. The journey is not about perfection but progress, and thoughtful preparation will help you build a sustainable path toward the outcomes you want."
